{
  "auc": 0.9968554077,
  "accuracy": 0.978435,
  "precision": 0.9822982086512969,
  "recall": 0.97443,
  "f1": 0.9783482848809482,
  "used_threshold": 0.5,
  "optimal_threshold": 0.5257092269981578,
  "best_iteration": 1499
}