{
  "auc": 0.9871738863499999,
  "accuracy": 0.94241,
  "precision": 0.9752599690615332,
  "recall": 0.90785,
  "f1": 0.9403484421610873
}