{
  "auc": 0.9911601625500001,
  "accuracy": 0.5,
  "precision": 0.5,
  "recall": 1.0,
  "f1": 0.6666666666666666,
  "false_negative_rate": 0.0,
  "optimal_threshold": 0.3728288335630755,
  "high_recall_threshold": 6.711979280545927e-06,
  "used_threshold": 0.4,
  "best_iteration": 466,
  "num_features": 2381,
  "top_feature_indices": [
    637,
    2359,
    503,
    2360,
    611,
    655,
    2355,
    2364,
    511,
    626
  ],
  "top_feature_importance": [
    683168.6117683649,
    476648.89442920685,
    180596.87846946716,
    122860.21479308605,
    77257.67151588202,
    75159.33236074448,
    65222.49158883095,
    63323.5401661396,
    62020.32255196571,
    57417.65634104237
  ]
}